figure_file,scenario_readable
cross_mathway_netease2000webhost_dodonew_longguess.eps,Mathway+Netease -> 000Webhost+Dodonew
cross_mathway_netease2parkmobile_tianya_longguess.eps,Mathway+Netease -> Parkmobile+Tianya
cross_mathway_netease2craftrise_taobao_longguess.eps,Mathway+Netease -> Craftrise+Taobao
cross_000webhost_dodonew2rockyou_csdn_longguess.eps,000Webhost+Dodonew -> Rockyou+CSDN
cross_000webhost_dodonew2mathway_netease_longguess.eps,000Webhost+Dodonew -> Mathway+Netease
cross_000webhost_dodonew2parkmobile_tianya_longguess.eps,000Webhost+Dodonew -> Parkmobile+Tianya
cross_000webhost_dodonew2craftrise_taobao_longguess.eps,000Webhost+Dodonew -> Craftrise+Taobao
cross_parkmobile_tianya2rockyou_csdn_longguess.eps,Parkmobile+Tianya -> Rockyou+CSDN
cross_parkmobile_tianya2mathway_netease_longguess.eps,Parkmobile+Tianya -> Mathway+Netease
cross_parkmobile_tianya2000webhost_dodonew_longguess.eps,Parkmobile+Tianya -> 000Webhost+Dodonew
cross_parkmobile_tianya2craftrise_taobao_longguess.eps,Parkmobile+Tianya -> Craftrise+Taobao
cross_craftrise_taobao2rockyou_csdn_longguess.eps,Craftrise+Taobao -> Rockyou+CSDN
cross_craftrise_taobao2mathway_netease_longguess.eps,Craftrise+Taobao -> Mathway+Netease
cross_craftrise_taobao2000webhost_dodonew_longguess.eps,Craftrise+Taobao -> 000Webhost+Dodonew
cross_craftrise_taobao2parkmobile_tianya_longguess.eps,Craftrise+Taobao -> Parkmobile+Tianya
